>AGRIN_MOUSE,269,269,0,0
6.77833333333333,3,2,27,0,
6.75,2,3,21,7.51,
6.43722222222222,3,3,27,0,
,,,,,E,H,R,P,R,Q,Q,P,G,A,S,V,L,V,R,Y,F,M,I,P,C,N,I,C,L,I,L,L,A,T,S,T,L,G,F,A,V,
>AGRIN_RAT,269,269,0,0
7.18571428361304,2,3,21,7.51,
6.79859943967818,3,2,27,0,
6.55714285083912,2,2,21,7.51,
,,,,,E,H,R,P,R,Q,E,P,G,A,S,M,L,V,R,Y,F,M,I,P,C,N,I,C,L,I,L,L,A,T,S,T,L,G,F,A,V,
>AMPN_FELCA,269,269,0,0
6.99327595486111,5,2,11,3.67,
6.91811458333333,4,2,11,3.67,
6.625,2,4,9,3.67,
,,,,,X,X,X,X,X,X,X,A,K,G,F,Y,I,S,K,P,V,G,I,L,A,I,L,L,G,V,A,A,V,C,T,I,I,
>AMPN_HUMAN,305,269,0,0
6.61747916277622,5,2,11,3.67,
6.52249953314581,4,2,11,3.67,
6.22436974717882,2,4,9,3.67,
,,,,,X,X,X,X,X,X,X,A,K,G,F,Y,I,S,K,S,L,G,I,L,G,I,L,L,G,V,A,A,V,C,T,I,I,
>AMPN_MOUSE,250,269,0,0
6.59747899159664,5,2,11,3.67,
6.49747899159674,4,2,11,3.67,
6.15126050431313,2,4,9,3.67,
,,,,,X,X,X,X,X,X,X,A,K,G,F,Y,I,S,K,T,L,G,I,L,G,I,L,L,G,V,A,A,V,C,T,I,I,
>AMPN_PIG,305,269,0,0
6.47647058816843,2,2,8,3.67,
6.09747899159664,5,2,11,3.67,
5.87247899159664,4,2,11,3.67,
,,,,,X,X,X,X,X,X,X,X,A,K,G,F,Y,I,S,K,A,L,G,I,L,G,I,L,L,G,V,A,A,V,A,T,I,I,
>AMPN_RAT,250,269,0,0
6.59747899159664,5,2,11,3.67,
6.49747899159664,4,2,11,3.67,
6.15126050420168,2,4,9,3.67,
,,,,,X,X,X,X,X,X,X,A,K,G,F,Y,I,S,K,T,L,G,I,L,G,I,L,L,G,V,A,A,V,C,T,I,I,
>AOC3_HUMAN,269,269,0,0
9.62753638538757,4,2,4,4.92,
9.40436624650873,3,2,4,4.92,
9.30917879512919,4,3,4,4.92,
,,,,,X,X,X,X,X,X,X,X,X,X,X,X,N,Q,K,T,I,L,V,L,L,I,L,A,V,I,T,I,F,A,L,
>ATP4B_PIG,269,269,0,0
6.15350140056022,2,3,36,16.31,
5.38541666666667,3,2,52,0,
5.38267507002801,2,5,36,16.31,
,,,,,W,N,P,D,T,G,Q,M,L,G,R,T,L,S,R,W,V,W,I,S,L,Y,Y,V,A,F,Y,V,V,M,S,G,I,F,A,L,C,I,Y,V,L,M,R,T,I,D,P,
>CD40L_HUMAN,303,269,0,0
6.75924369625715,2,2,21,3.67,
6.07549369746881,3,2,21,3.67,
5.98641456541905,2,3,21,3.67,
,,,,,Q,T,S,P,R,S,A,A,T,G,L,P,I,S,M,K,I,F,M,Y,L,L,T,V,F,L,I,T,Q,M,I,
>CEIP2_HUMAN,269,269,0,0
8.69277201967593,5,2,81,7.57,
8.35764236111111,4,2,81,5.12,
8.27092400655864,5,3,81,7.57,
,,,,,Q,Q,A,Q,R,E,S,Q,K,Q,K,R,H,K,N,T,F,I,C,F,A,I,T,S,F,S,F,F,I,A,L,
>CL12A_HUMAN,269,269,0,0
6.52804621858557,2,5,40,2.45,
6.44023109292784,2,4,40,2.45,
6.41092437171136,2,3,40,2.45,
,,,,,K,F,G,E,K,A,P,P,A,P,S,H,V,W,R,P,A,A,L,F,L,T,L,L,C,L,L,L,L,I,G,
>CL12B_HUMAN,269,269,0,0
7.49873949441032,2,3,40,3.9,
7.39621848323097,2,2,40,3.9,
6.54243697472052,2,5,40,3.9,
,,,,,N,L,R,K,R,G,H,P,A,P,S,P,I,W,R,H,A,A,L,G,L,V,T,L,C,L,M,L,L,I,G,
>CLC2A_HUMAN,269,269,0,0
7.46806723544771,2,2,20,3.67,
6.79033983037656,4,3,26,11.85,
6.60744631185375,3,3,26,10.6,
,,,,,L,R,D,G,R,A,D,G,F,I,H,R,I,V,P,K,L,I,Q,N,W,K,I,G,L,M,C,F,L,S,I,I,I,T,T,V,C,
>CLC2D_MOUSE,269,269,0,0
7.71655462188151,3,2,46,10.12,
7.08436920518208,5,2,46,15.18,
6.84930462184901,4,2,46,10.12,
,,,,,G,T,I,S,P,E,S,C,A,K,L,Y,C,Y,Y,G,V,I,M,V,L,T,V,A,V,I,A,L,S,V,A,
>CLC4A_HUMAN,305,269,0,0
7.57296918890029,2,3,43,3.67,
7.11890756670087,2,2,43,3.67,
6.93074229722507,2,4,43,3.67,
,,,,,S,K,E,R,T,A,P,H,K,S,N,T,G,F,P,K,L,L,C,A,S,L,L,I,F,F,L,L,L,A,I,
>CLC4C_HUMAN,305,269,0,0
6.137815131185,2,2,11,4.94,
5.70744251867444,4,2,24,6.93,
5.34593837706167,2,3,11,11.87,
,,,,,X,X,X,X,X,V,P,E,E,E,P,Q,D,R,E,K,G,L,W,W,F,Q,L,K,V,W,S,M,A,V,V,S,I,L,L,L,S,V,C,F,T,V,S,S,
>CLC5A_HUMAN,269,269,0,0
7.72773107891565,2,2,4,1.45,
7.68541783377833,3,3,3,8.38,
7.40014005339974,2,3,3,8.38,
,,,,,X,X,X,X,X,X,X,X,X,X,X,X,X,N,W,H,M,I,I,S,G,L,I,V,V,V,L,K,V,V,G,M,
>CLC5A_MOUSE,269,269,0,0
7.68375350140859,3,3,3,8.38,
7.41848737946104,2,2,8,0,
7.39810924369785,4,2,4,8.38,
,,,,,X,X,X,X,X,X,X,X,X,X,X,X,X,N,W,H,M,I,I,S,G,L,I,V,V,V,I,K,V,V,G,M,T,F,F,L,
>CLC7A_HUMAN,269,269,0,0
8.85238445374264,3,2,43,9.38,
8.67599209267008,4,2,43,9.38,
8.40604993410559,5,2,43,9.38,
,,,,,A,V,V,S,E,K,G,S,C,A,A,S,P,P,W,R,L,I,A,V,I,L,G,I,L,C,L,V,I,L,V,
>CLC7A_MOUSE,269,269,0,0
8.58865545740692,2,2,44,2.45,
8.39621848580231,2,3,44,2.45,
7.47538515404835,3,3,44,9.38,
,,,,,R,G,S,E,K,G,S,Q,A,P,S,S,P,W,R,P,I,A,V,G,L,G,I,L,C,F,V,V,V,V,V,
>CLCL1_HUMAN,269,269,0,0
6.17747916666667,4,3,66,0,
6.13083333333333,3,3,66,0,
6.00352835648148,5,2,67,0,
,,,,,S,E,V,S,L,Q,K,Y,D,C,P,F,S,G,T,S,F,V,V,F,S,L,F,L,I,C,A,M,A,G,D,V,
>CODA1_HUMAN,269,269,0,0
5.56016783380019,5,2,45,0,
5.32394958007509,2,2,34,3.72,
5.19514005602263,4,2,45,0,
,,,,,L,G,A,P,G,T,V,A,L,V,A,A,R,A,E,R,G,A,R,L,P,S,P,G,S,C,G,L,L,T,L,A,L,C,S,L,A,L,S,L,L,A,
>COMT_HUMAN,269,269,0,0
7.13067226890756,2,3,5,0,
7.07310890741713,5,2,5,1.27,
7.02436963580571,5,3,5,1.27,
,,,,,X,X,X,X,X,X,X,X,X,X,X,P,E,A,P,P,L,L,L,A,A,V,L,L,G,L,V,L,L,V,V,
>CONA1_RAT,269,269,0,0
5.82310923746061,2,2,15,0,
5.16062324931563,3,2,22,2.45,
4.89663844683707,5,2,26,2.45,
,,,,,X,G,A,G,E,R,A,A,G,G,G,G,T,Q,D,P,G,A,G,C,G,A,R,A,L,G,A,L,C,L,L,L,S,V,G,S,A,T,A,C,L,L,
>DPP10_HUMAN,250,269,0,0
7.98621811707322,5,3,33,13.05,
7.87865435121965,5,2,33,13.05,
7.52117404878609,4,3,33,10.6,
,,,,,I,K,E,L,G,S,N,S,P,P,Q,R,N,W,K,G,I,A,I,A,L,L,V,I,L,V,V,C,S,L,I,
>DPP10_MOUSE,305,269,0,0
7.98621846599751,5,3,34,13.05,
7.87865539799253,5,2,34,13.05,
7.52121591970105,4,3,34,10.6,
,,,,,D,Q,E,L,G,S,N,S,P,P,Q,R,N,W,K,G,I,A,I,A,L,L,V,I,L,V,V,C,S,L,I,
>DPP10_RAT,305,269,0,0
7.98621838527078,5,3,33,13.05,
7.87865515581233,5,2,33,13.05,
7.52120623249306,4,3,33,10.6,
,,,,,I,K,E,L,G,S,N,S,P,P,Q,R,N,W,K,G,I,A,I,A,L,L,V,I,L,V,V,C,S,L,I,
>DPP6_HUMAN,305,269,0,0
7.986218477912,5,3,94,13.05,
7.87865543373599,5,2,94,13.05,
7.52121734943955,4,3,94,10.6,
,,,,,E,D,E,L,V,G,S,N,P,P,Q,R,N,W,K,G,I,A,I,A,L,L,V,I,L,V,I,C,S,L,I,
>DPP6_MOUSE,305,269,0,0
7.98621848739496,5,3,33,13.05,
7.87865546218487,5,2,33,13.05,
7.5212184873949,4,3,33,10.6,
,,,,,H,K,E,L,V,G,S,N,P,P,Q,R,N,W,K,G,I,A,I,A,L,L,V,I,L,V,I,C,S,L,I,
>DPP6_RAT,250,269,0,0
7.98621768199178,5,3,88,13.05,
7.87865304597534,5,2,88,13.05,
7.52112183901371,4,3,88,10.6,
,,,,,E,D,E,L,V,G,S,N,P,P,Q,R,N,W,K,G,I,A,I,A,L,L,V,I,L,V,I,C,S,L,I,
>ECE1_RAT,269,269,0,0
10.5246673669927,3,2,59,7.39,
10.2193335667753,3,3,59,7.39,
9.72002801304096,2,3,59,6.12,
,,,,,R,S,G,Q,R,C,W,A,A,R,T,S,V,E,K,R,L,V,V,L,V,T,L,L,A,A,G,L,V,A,C,
>EDA_MOUSE,269,269,0,0
6.83487394939747,2,2,40,2.45,
6.69434802948957,4,3,40,2.45,
6.53304408846871,4,2,40,2.45,
,,,,,G,C,R,G,A,P,A,R,A,G,E,G,N,S,C,R,L,F,L,G,F,F,G,L,S,L,A,L,H,L,L,
>ENPP3_HUMAN,305,269,0,0
8.6002546393555,4,2,21,16.07,
8.36389005599364,3,2,21,12.4,
7.96675154645183,4,3,21,16.07,
,,,,,L,A,T,E,Q,P,V,K,K,N,T,L,K,K,Y,K,I,A,C,I,V,L,L,A,L,L,V,I,M,S,L,
>ENPP3_RAT,250,269,0,0
9.6873993347331,4,2,21,14.85,
9.52125350130477,3,2,21,11.18,
9.09579977824437,4,3,21,14.85,
,,,,,L,A,T,E,E,P,I,K,K,D,S,L,K,R,Y,K,I,L,C,A,V,L,L,A,L,L,V,I,V,S,L,
>FOLH1_HUMAN,269,269,0,0
7.5966382900035,5,2,19,14.28,
7.36554609666783,5,3,19,14.28,
7.27159480042008,4,2,19,11.83,
,,,,,L,H,E,T,D,S,A,V,A,T,A,R,R,P,R,W,L,C,A,G,A,L,V,L,A,G,G,F,F,L,L,
>GGT1_HUMAN,250,269,0,0
10.0027450980562,3,2,3,11.01,
10.0009150326854,3,3,3,11.01,
9.60980392224675,2,3,3,7.34,
,,,,,X,X,X,X,X,X,X,X,X,X,X,X,X,K,K,K,L,V,V,L,G,L,L,A,V,V,L,V,L,V,I,
>GLDN_HUMAN,250,269,0,0
7.13361343754255,2,2,17,2.45,
6.47787114584752,2,3,17,2.45,
5.79139355729238,2,5,17,2.45,
,,,,,R,G,A,E,G,G,R,G,D,A,G,W,G,L,R,G,A,L,A,A,V,A,L,L,S,A,L,N,A,A,G,
>GLDN_MOUSE,305,269,0,0
7.20630252135355,2,3,17,2.45,
7.13024509803949,3,2,18,2.45,
6.91890756406064,2,2,17,2.45,
,,,,,R,A,A,E,R,G,Q,G,A,T,G,W,G,L,R,G,A,L,V,A,I,A,L,L,S,A,L,N,A,A,G,T,
>GLDN_RAT,269,269,0,0
7.27184873779373,2,2,17,2.45,
6.55728291259791,2,3,17,2.45,
5.8203641456299,2,5,17,2.45,
,,,,,R,A,A,E,R,G,Q,G,A,T,G,W,G,L,R,G,A,L,M,A,V,A,L,L,S,V,L,N,A,V,G,
>HEPS_HUMAN,269,269,0,0
7.81271708684639,3,2,16,6.12,
7.42646125117102,3,3,16,6.12,
7.25661531279276,3,4,16,6.12,
,,,,,A,Q,K,E,G,G,R,T,V,P,C,C,S,R,P,K,V,A,A,L,T,A,G,T,L,L,L,L,T,A,I,
>KKLC1_HUMAN,269,269,0,0
6.2966841737084,3,3,3,5.06,
6.16245798319328,3,2,9,0,
5.76498599439776,2,3,9,0,
,,,,,X,X,X,X,X,X,X,X,X,X,X,X,X,N,F,Y,L,L,L,A,S,S,I,L,C,A,L,I,V,F,W,K,Y,R,R,F,Q,
>KLRF2_HUMAN,269,269,0,0
7.48328781516399,3,2,31,11.37,
7.39208295401526,4,2,31,11.37,
7.26722569128346,5,2,31,16.43,
,,,,,K,S,K,Q,K,S,K,D,F,S,L,Y,P,Q,Y,Y,C,L,L,L,I,F,G,C,I,V,I,L,I,F,I,
>KLRG1_HUMAN,269,269,0,0
6.31428570485949,2,2,32,2.45,
6.30890733640678,5,2,35,2.45,
6.29630244546893,5,3,35,2.45,
,,,,,A,Q,N,D,Y,G,P,Q,Q,K,S,S,S,S,R,P,S,C,S,C,L,V,A,I,A,L,G,L,L,T,A,V,L,L,
>KLRG1_MOUSE,269,269,0,0
7.04999999787647,2,2,36,2.45,
6.28333333262549,2,3,36,2.45,
6.23333333315637,2,4,36,2.45,
,,,,,S,R,W,K,L,K,A,V,L,H,R,P,H,L,S,R,F,A,M,V,A,L,G,L,L,T,V,I,L,M,S,
>LCAP_HUMAN,269,269,0,0
7.29333333333333,3,2,110,2.45,
7.05,2,3,109,2.45,
6.9125,2,4,109,2.45,
,,,,,Y,R,Q,S,P,D,G,A,C,S,V,P,S,A,R,T,M,V,V,C,A,F,V,I,V,V,A,V,S,V,I,M,
>MARCO_HUMAN,305,269,0,0
7.57563025230144,2,2,39,2.45,
6.40646358543585,3,2,39,4.9,
6.32866497432308,4,2,39,8.57,
,,,,,A,M,E,P,F,E,I,N,V,P,K,P,K,R,R,N,G,V,N,F,S,L,A,V,V,V,I,Y,L,I,L,
>MARCO_MESAU,305,269,0,0
5.96117697658925,5,2,46,9.38,
5.41554621709129,2,2,46,0,
5.34123719070952,4,2,46,6.93,
,,,,,T,F,E,I,N,D,P,M,P,K,K,R,N,W,G,S,F,C,T,A,V,M,A,I,H,L,I,L,L,T,A,
>MARCO_MOUSE,305,269,0,0
6.19075610021787,5,2,46,2.45,
5.73025203340596,5,3,46,2.45,
5.70168066827647,2,3,56,1.45,
,,,,,T,F,E,I,N,D,P,V,P,K,K,R,N,G,G,T,F,C,M,A,V,M,A,I,H,L,I,L,L,T,A,G,T,A,L,L,L,I,Q,V,L,
>MFRP_MOUSE,269,269,0,0
6.21120447526406,2,3,74,0,
6.03361342579219,2,2,74,0,
5.80280111881602,2,4,74,0,
,,,,,Q,P,D,C,H,F,S,W,F,C,I,L,L,L,S,G,L,L,L,L,L,L,G,L,L,V,A,V,I,L,A,
>NALDL_RAT,305,269,0,0
7.28610168650701,4,2,4,12.05,
6.73220238084151,3,2,4,10.6,
6.59613418072089,5,2,4,12.05,
,,,,,X,X,X,X,X,X,X,X,X,X,X,X,H,W,A,K,I,L,G,V,G,I,G,A,A,A,L,L,G,L,G,
>NCEH1_HUMAN,305,269,0,0
7.2636589635954,3,3,3,2.45,
7.22431022411952,3,2,3,2.45,
6.91591474089885,3,4,3,2.45,
,,,,,X,X,X,X,X,X,X,X,X,X,X,X,X,R,S,S,C,V,L,L,T,A,L,V,A,L,A,A,Y,Y,V,
>NKG2D_HUMAN,269,269,0,0
7.55210083623293,2,2,66,2.45,
6.71736694541098,2,3,66,2.45,
6.11428486811363,4,2,66,2.45,
,,,,,P,F,F,F,C,C,F,I,A,V,A,M,G,I,R,F,I,I,M,V,A,I,W,S,A,V,F,L,N,S,L,
>NKG2D_MOUSE,269,269,0,0
6.16848739366522,2,2,54,7.51,
5.57436974673811,2,3,58,8.61,
5.52980042016514,3,3,64,0,
,,,,,L,T,T,S,Q,P,G,E,N,G,I,I,R,G,R,Y,P,I,E,K,L,K,I,S,P,M,F,V,V,R,V,L,A,I,A,L,A,I,R,F,T,
>PHEX_HUMAN,269,269,0,0
8.20739399363912,5,2,19,4.9,
8.01227923669492,4,2,19,4.9,
7.91579799787971,5,3,19,4.9,
,,,,,T,G,S,S,V,E,T,G,K,K,A,N,R,G,T,R,I,A,L,V,V,F,V,G,G,T,L,V,L,G,T,
>PHEX_MOUSE,305,269,0,0
6.82453801353875,5,2,19,4.9,
6.76151267117958,5,3,19,4.9,
6.3695616246493,4,2,19,4.9,
,,,,,T,G,S,T,M,E,T,G,K,G,T,N,R,G,I,R,I,A,L,A,L,F,I,G,G,T,L,V,L,G,T,
>PRRT1_RAT,305,269,0,0
6.80833333333333,2,4,269,2.45,
6.71501736111111,4,2,271,2.45,
6.26166666666667,2,5,269,2.45,
,,,,,R,G,D,L,V,S,A,E,I,A,S,R,E,A,R,N,F,S,F,I,S,L,A,V,G,I,A,A,M,V,L,C,T,
>SCAR5_MOUSE,269,269,0,0
7.80518207528092,2,3,59,5.12,
7.1651645658164,3,2,60,5.12,
6.96379551882023,2,4,59,5.12,
,,,,,A,G,G,C,C,T,Q,L,G,S,L,S,A,L,K,H,A,V,L,G,L,Y,L,L,V,F,L,I,L,V,G,I,
>SGCB_MOUSE,269,269,0,0
8.08171225295671,4,3,64,6.12,
7.99513675887012,4,2,64,6.12,
7.60547035480487,3,3,64,3.67,
,,,,,D,E,D,R,L,H,K,T,G,L,R,G,R,K,G,N,L,A,I,C,V,I,V,L,L,F,I,L,A,V,I,
>SGCD_MOUSE,269,269,0,0
8.78324579832287,3,2,31,8.57,
8.58949579874485,2,2,31,6.12,
7.93402704831936,4,2,31,15.5,
,,,,,E,G,P,H,I,Y,K,V,G,I,Y,G,W,R,K,R,C,L,Y,F,F,V,L,L,L,M,I,L,I,L,V,
>SGCG_MOUSE,269,269,0,0
8.91039215686997,3,2,33,8.57,
8.84705882439666,2,2,33,6.12,
8.06008660130725,4,2,33,15.5,
,,,,,E,N,Q,H,I,Y,K,I,G,I,Y,G,W,R,K,R,C,L,Y,L,F,V,L,L,L,L,A,I,L,V,V,
>SMIM1_HUMAN,269,269,0,0
9.39537815175897,2,2,40,3.7,
7.66512605058632,2,3,40,3.7,
6.21628151264658,2,4,40,3.7,
,,,,,V,S,S,T,E,E,A,S,R,C,R,R,I,S,Q,R,L,C,T,G,K,L,G,I,A,M,K,V,L,G,G,
>SYNG1_MOUSE,269,269,0,0
8.48333333333333,2,4,224,4.9,
8.23333333333333,2,3,224,4.9,
8.09666666666667,2,5,224,4.9,
,,,,,A,V,A,K,G,D,F,H,Q,A,S,T,S,S,R,R,A,L,F,L,A,V,L,S,I,T,I,G,T,G,I,
>TM11B_HUMAN,305,269,0,0
6.75635154058727,3,2,16,6.93,
6.6965616246402,3,3,16,6.93,
6.08739495682416,2,3,16,0,
,,,,,Y,R,H,G,I,S,S,Q,R,S,W,P,L,W,T,T,I,F,I,F,L,G,V,A,A,I,L,G,V,T,I,
>TM11C_MOUSE,305,269,0,0
5.46764706050601,2,3,32,3.67,
5.22203594771254,4,3,32,6.12,
5.19714322454676,5,2,36,3.67,
,,,,,N,R,T,E,C,K,T,K,I,K,L,T,R,C,G,K,I,T,L,G,I,L,T,A,V,L,A,A,V,L,I,G,L,I,A,
>TM11E_MOUSE,269,269,0,0
8.52064425767848,3,2,17,8.2,
7.42731092141747,2,2,17,6.93,
6.97350536881399,4,2,17,8.2,
,,,,,R,S,C,V,V,R,A,R,K,R,T,C,V,E,P,W,V,I,G,I,I,S,F,L,S,L,I,V,L,A,V,
>TMPS2_HUMAN,269,269,0,0
9.03445376019216,2,2,82,7.34,
8.31148458673072,2,3,82,7.34,
8.15287114668268,2,4,82,7.34,
,,,,,Q,P,K,S,P,S,G,T,V,C,T,S,K,T,K,K,A,L,C,I,T,L,T,L,G,T,F,L,V,G,A,
>TMPS6_HUMAN,269,269,0,0
7.03546205357142,5,2,51,9.96,
6.3202380951369,3,2,51,7.51,
6.25544642857058,4,2,51,7.51,
,,,,,F,K,A,C,E,D,S,K,R,K,A,R,G,Y,L,R,L,V,P,L,F,V,L,L,A,L,L,V,L,A,S,
>TMPS6_MOUSE,269,269,0,0
7.2772909663864,4,2,58,2.45,
7.13991596411105,2,2,58,0,
6.94663865470368,2,3,58,0,
,,,,,P,K,N,T,K,R,K,N,R,D,Y,V,R,F,T,P,L,L,L,V,L,A,A,L,V,S,A,G,V,M,L,
>TMPS7_MOUSE,269,269,0,0
10.1738445378073,3,2,61,4.92,
10.1613445368749,2,2,61,3.67,
10.1204481789583,2,3,61,3.67,
,,,,,R,K,Q,P,K,K,R,A,P,F,W,N,V,Q,N,K,I,I,L,F,T,V,F,L,F,I,L,A,V,T,A,
>TMPS9_HUMAN,269,269,0,0
6.71904762006819,2,3,36,0,
6.45714286020456,2,2,36,0,
6.24226190501705,2,4,36,0,
,,,,,D,A,A,C,C,R,A,A,S,I,G,V,V,A,T,S,L,V,V,L,T,L,G,V,L,L,A,F,L,S,T,
>TNF10_HUMAN,305,269,0,0
7.29504201684943,3,2,14,1.25,
7.22234339986028,4,2,15,1.25,
7.07226890957376,2,3,27,1.25,
,,,,,X,X,A,M,M,E,V,Q,G,G,P,S,L,G,Q,T,C,V,L,I,V,I,F,T,V,L,L,Q,S,L,C,V,A,V,T,Y,V,Y,F,T,N,E,L,K,
>TNF18_HUMAN,269,269,0,0
6.59201680590205,2,2,64,6.93,
6.46400560196735,2,3,64,6.93,
6.45183625116708,4,2,64,6.93,
,,,,,L,F,C,S,I,V,M,L,L,F,L,C,S,F,S,W,L,I,F,I,F,L,Q,L,E,T,A,K,E,P,C,
>TNF18_MOUSE,269,269,0,0
8.55562625466815,4,2,20,14.27,
8.04181722684476,3,2,20,10.6,
7.80187541822272,4,3,20,14.27,
,,,,,L,R,E,S,S,P,Q,R,A,E,R,C,K,K,S,W,L,L,C,I,V,A,L,L,L,M,L,L,C,S,L,
>TRDN_HUMAN,269,269,0,0
6.10722645721482,5,2,49,6.93,
5.92907548573827,5,3,49,6.93,
5.89217486577856,4,2,49,6.93,
,,,,,T,V,T,E,D,I,V,T,T,F,S,S,P,A,A,W,L,L,V,I,A,L,I,I,T,W,S,A,V,A,I,
>TRDN_RAT,250,269,0,0
6.1072268907563,5,2,49,6.93,
5.9290756302521,5,3,49,6.93,
5.91470587451531,2,2,60,6.93,
,,,,,T,V,T,E,D,I,V,T,T,F,S,S,P,A,A,W,L,L,V,I,A,L,I,I,T,W,S,A,V,A,I,V,M,F,D,L,V,D,Y,K,N,F,
